COU,Country,MAREG,Macroregion,MIREG,Microregion,VAR,Variable,YEA,Year,Unit Code,Unit,PowerCode Code,PowerCode,Reference Period Code,Reference Period,Value,Flag Codes,Flags
AUS,Australia,TOTAL,-Total-,TOTAL,-Total-,PWM_EX,Mean population exposure to PM2.5,2017,2017,MICRO_M3,Micrograms per cubic metre,0,Units,,,8.52437,,
AUT,Austria,TOTAL,-Total-,TOTAL,-Total-,PWM_EX,Mean population exposure to PM2.5,2017,2017,MICRO_M3,Micrograms per cubic metre,0,Units,,,12.68774,,
BEL,Belgium,TOTAL,-Total-,TOTAL,-Total-,PWM_EX,Mean population exposure to PM2.5,2017,2017,MICRO_M3,Micrograms per cubic metre,0,Units,,,13.09935,,
CAN,Canada,TOTAL,-Total-,TOTAL,-Total-,PWM_EX,Mean population exposure to PM2.5,2017,2017,MICRO_M3,Micrograms per cubic metre,0,Units,,,6.45931,,
CZE,Czech Republic,TOTAL,-Total-,TOTAL,-Total-,PWM_EX,Mean population exposure to PM2.5,2017,2017,MICRO_M3,Micrograms per cubic metre,0,Units,,,16.21481,,
DNK,Denmark,TOTAL,-Total-,TOTAL,-Total-,PWM_EX,Mean population exposure to PM2.5,2017,2017,MICRO_M3,Micrograms per cubic metre,0,Units,,,10.35431,,
FIN,Finland,TOTAL,-Total-,TOTAL,-Total-,PWM_EX,Mean population exposure to PM2.5,2017,2017,MICRO_M3,Micrograms per cubic metre,0,Units,,,5.90603,,
FRA,France,TOTAL,-Total-,TOTAL,-Total-,PWM_EX,Mean population exposure to PM2.5,2017,2017,MICRO_M3,Micrograms per cubic metre,0,Units,,,11.95962,,
DEU,Germany,TOTAL,-Total-,TOTAL,-Total-,PWM_EX,Mean population exposure to PM2.5,2017,2017,MICRO_M3,Micrograms per cubic metre,0,Units,,,12.08939,,
GRC,Greece,TOTAL,-Total-,TOTAL,-Total-,PWM_EX,Mean population exposure to PM2.5,2017,2017,MICRO_M3,Micrograms per cubic metre,0,Units,,,16.47663,,
HUN,Hungary,TOTAL,-Total-,TOTAL,-Total-,PWM_EX,Mean population exposure to PM2.5,2017,2017,MICRO_M3,Micrograms per cubic metre,0,Units,,,16.08462,,
ISL,Iceland,TOTAL,-Total-,TOTAL,-Total-,PWM_EX,Mean population exposure to PM2.5,2017,2017,MICRO_M3,Micrograms per cubic metre,0,Units,,,6.78283,,
IRL,Ireland,TOTAL,-Total-,TOTAL,-Total-,PWM_EX,Mean population exposure to PM2.5,2017,2017,MICRO_M3,Micrograms per cubic metre,0,Units,,,8.27177,,
ITA,Italy,TOTAL,-Total-,TOTAL,-Total-,PWM_EX,Mean population exposure to PM2.5,2017,2017,MICRO_M3,Micrograms per cubic metre,0,Units,,,16.4971,,
JPN,Japan,TOTAL,-Total-,TOTAL,-Total-,PWM_EX,Mean population exposure to PM2.5,2017,2017,MICRO_M3,Micrograms per cubic metre,0,Units,,,11.86181,,
KOR,Korea,TOTAL,-Total-,TOTAL,-Total-,PWM_EX,Mean population exposure to PM2.5,2017,2017,MICRO_M3,Micrograms per cubic metre,0,Units,,,25.13889,,
LUX,Luxembourg,TOTAL,-Total-,TOTAL,-Total-,PWM_EX,Mean population exposure to PM2.5,2017,2017,MICRO_M3,Micrograms per cubic metre,0,Units,,,10.17904,,
MEX,Mexico,TOTAL,-Total-,TOTAL,-Total-,PWM_EX,Mean population exposure to PM2.5,2017,2017,MICRO_M3,Micrograms per cubic metre,0,Units,,,21.23615,,
NLD,Netherlands,TOTAL,-Total-,TOTAL,-Total-,PWM_EX,Mean population exposure to PM2.5,2017,2017,MICRO_M3,Micrograms per cubic metre,0,Units,,,12.086,,
NZL,New Zealand,TOTAL,-Total-,TOTAL,-Total-,PWM_EX,Mean population exposure to PM2.5,2017,2017,MICRO_M3,Micrograms per cubic metre,0,Units,,,5.99181,,
NOR,Norway,TOTAL,-Total-,TOTAL,-Total-,PWM_EX,Mean population exposure to PM2.5,2017,2017,MICRO_M3,Micrograms per cubic metre,0,Units,,,7.0458,,
POL,Poland,TOTAL,-Total-,TOTAL,-Total-,PWM_EX,Mean population exposure to PM2.5,2017,2017,MICRO_M3,Micrograms per cubic metre,0,Units,,,20.94327,,
PRT,Portugal,TOTAL,-Total-,TOTAL,-Total-,PWM_EX,Mean population exposure to PM2.5,2017,2017,MICRO_M3,Micrograms per cubic metre,0,Units,,,8.12088,,
SVK,Slovak Republic,TOTAL,-Total-,TOTAL,-Total-,PWM_EX,Mean population exposure to PM2.5,2017,2017,MICRO_M3,Micrograms per cubic metre,0,Units,,,17.93355,,
ESP,Spain,TOTAL,-Total-,TOTAL,-Total-,PWM_EX,Mean population exposure to PM2.5,2017,2017,MICRO_M3,Micrograms per cubic metre,0,Units,,,9.91419,,
SWE,Sweden,TOTAL,-Total-,TOTAL,-Total-,PWM_EX,Mean population exposure to PM2.5,2017,2017,MICRO_M3,Micrograms per cubic metre,0,Units,,,6.13443,,
CHE,Switzerland,TOTAL,-Total-,TOTAL,-Total-,PWM_EX,Mean population exposure to PM2.5,2017,2017,MICRO_M3,Micrograms per cubic metre,0,Units,,,10.44407,,
GBR,United Kingdom,TOTAL,-Total-,TOTAL,-Total-,PWM_EX,Mean population exposure to PM2.5,2017,2017,MICRO_M3,Micrograms per cubic metre,0,Units,,,10.44482,,
USA,United States,TOTAL,-Total-,TOTAL,-Total-,PWM_EX,Mean population exposure to PM2.5,2017,2017,MICRO_M3,Micrograms per cubic metre,0,Units,,,7.36365,,
G7M,G7,TOTAL,-Total-,TOTAL,-Total-,PWM_EX,Mean population exposure to PM2.5,2017,2017,MICRO_M3,Micrograms per cubic metre,0,Units,,,10.04892,,
AFG,Afghanistan,TOTAL,-Total-,TOTAL,-Total-,PWM_EX,Mean population exposure to PM2.5,2017,2017,MICRO_M3,Micrograms per cubic metre,0,Units,,,57.96859,,
ALB,Albania,TOTAL,-Total-,TOTAL,-Total-,PWM_EX,Mean population exposure to PM2.5,2017,2017,MICRO_M3,Micrograms per cubic metre,0,Units,,,18.59367,,
DZA,Algeria,TOTAL,-Total-,TOTAL,-Total-,PWM_EX,Mean population exposure to PM2.5,2017,2017,MICRO_M3,Micrograms per cubic metre,0,Units,,,39.40822,,
AND,Andorra,TOTAL,-Total-,TOTAL,-Total-,PWM_EX,Mean population exposure to PM2.5,2017,2017,MICRO_M3,Micrograms per cubic metre,0,Units,,,12.51611,,
AGO,Angola,TOTAL,-Total-,TOTAL,-Total-,PWM_EX,Mean population exposure to PM2.5,2017,2017,MICRO_M3,Micrograms per cubic metre,0,Units,,,32.5582,,
ATG,Antigua and Barbuda,TOTAL,-Total-,TOTAL,-Total-,PWM_EX,Mean population exposure to PM2.5,2017,2017,MICRO_M3,Micrograms per cubic metre,0,Units,,,18.93646,,
ARG,Argentina,TOTAL,-Total-,TOTAL,-Total-,PWM_EX,Mean population exposure to PM2.5,2017,2017,MICRO_M3,Micrograms per cubic metre,0,Units,,,14.23482,,
ARM,Armenia,TOTAL,-Total-,TOTAL,-Total-,PWM_EX,Mean population exposure to PM2.5,2017,2017,MICRO_M3,Micrograms per cubic metre,0,Units,,,32.63979,,
AZE,Azerbaijan,TOTAL,-Total-,TOTAL,-Total-,PWM_EX,Mean population exposure to PM2.5,2017,2017,MICRO_M3,Micrograms per cubic metre,0,Units,,,20.7103,,
BHS,Bahamas,TOTAL,-Total-,TOTAL,-Total-,PWM_EX,Mean population exposure to PM2.5,2017,2017,MICRO_M3,Micrograms per cubic metre,0,Units,,,17.7732,,
BHR,Bahrain,TOTAL,-Total-,TOTAL,-Total-,PWM_EX,Mean population exposure to PM2.5,2017,2017,MICRO_M3,Micrograms per cubic metre,0,Units,,,69.88265,,
BGD,Bangladesh,TOTAL,-Total-,TOTAL,-Total-,PWM_EX,Mean population exposure to PM2.5,2017,2017,MICRO_M3,Micrograms per cubic metre,0,Units,,,60.5818,,
BRB,Barbados,TOTAL,-Total-,TOTAL,-Total-,PWM_EX,Mean population exposure to PM2.5,2017,2017,MICRO_M3,Micrograms per cubic metre,0,Units,,,23.13993,,
BLR,Belarus,TOTAL,-Total-,TOTAL,-Total-,PWM_EX,Mean population exposure to PM2.5,2017,2017,MICRO_M3,Micrograms per cubic metre,0,Units,,,19.04726,,
BLZ,Belize,TOTAL,-Total-,TOTAL,-Total-,PWM_EX,Mean population exposure to PM2.5,2017,2017,MICRO_M3,Micrograms per cubic metre,0,Units,,,22.49903,,
BEN,Benin,TOTAL,-Total-,TOTAL,-Total-,PWM_EX,Mean population exposure to PM2.5,2017,2017,MICRO_M3,Micrograms per cubic metre,0,Units,,,39.74976,,
BTN,Bhutan,TOTAL,-Total-,TOTAL,-Total-,PWM_EX,Mean population exposure to PM2.5,2017,2017,MICRO_M3,Micrograms per cubic metre,0,Units,,,33.95557,,
BOL,Bolivia,TOTAL,-Total-,TOTAL,-Total-,PWM_EX,Mean population exposure to PM2.5,2017,2017,MICRO_M3,Micrograms per cubic metre,0,Units,,,22.23571,,
BIH,Bosnia and Herzegovina,TOTAL,-Total-,TOTAL,-Total-,PWM_EX,Mean population exposure to PM2.5,2017,2017,MICRO_M3,Micrograms per cubic metre,0,Units,,,28.6026,,
BWA,Botswana,TOTAL,-Total-,TOTAL,-Total-,PWM_EX,Mean population exposure to PM2.5,2017,2017,MICRO_M3,Micrograms per cubic metre,0,Units,,,23.67802,,
BRA,Brazil,TOTAL,-Total-,TOTAL,-Total-,PWM_EX,Mean population exposure to PM2.5,2017,2017,MICRO_M3,Micrograms per cubic metre,0,Units,,,12.82884,,
BRN,Brunei Darussalam,TOTAL,-Total-,TOTAL,-Total-,PWM_EX,Mean population exposure to PM2.5,2017,2017,MICRO_M3,Micrograms per cubic metre,0,Units,,,5.75702,,
BGR,Bulgaria,TOTAL,-Total-,TOTAL,-Total-,PWM_EX,Mean population exposure to PM2.5,2017,2017,MICRO_M3,Micrograms per cubic metre,0,Units,,,20.28975,,
BFA,Burkina Faso,TOTAL,-Total-,TOTAL,-Total-,PWM_EX,Mean population exposure to PM2.5,2017,2017,MICRO_M3,Micrograms per cubic metre,0,Units,,,43.92465,,
BDI,Burundi,TOTAL,-Total-,TOTAL,-Total-,PWM_EX,Mean population exposure to PM2.5,2017,2017,MICRO_M3,Micrograms per cubic metre,0,Units,,,39.00327,,
KHM,Cambodia,TOTAL,-Total-,TOTAL,-Total-,PWM_EX,Mean population exposure to PM2.5,2017,2017,MICRO_M3,Micrograms per cubic metre,0,Units,,,25.53915,,
CMR,Cameroon,TOTAL,-Total-,TOTAL,-Total-,PWM_EX,Mean population exposure to PM2.5,2017,2017,MICRO_M3,Micrograms per cubic metre,0,Units,,,74.93486,,
CPV,Cabo Verde,TOTAL,-Total-,TOTAL,-Total-,PWM_EX,Mean population exposure to PM2.5,2017,2017,MICRO_M3,Micrograms per cubic metre,0,Units,,,33.70109,,
CAF,Central African Republic,TOTAL,-Total-,TOTAL,-Total-,PWM_EX,Mean population exposure to PM2.5,2017,2017,MICRO_M3,Micrograms per cubic metre,0,Units,,,57.22223,,
TCD,Chad,TOTAL,-Total-,TOTAL,-Total-,PWM_EX,Mean population exposure to PM2.5,2017,2017,MICRO_M3,Micrograms per cubic metre,0,Units,,,66.25741,,
CHL,Chile,TOTAL,-Total-,TOTAL,-Total-,PWM_EX,Mean population exposure to PM2.5,2017,2017,MICRO_M3,Micrograms per cubic metre,0,Units,,,22.13709,,
CHN,China (People's Republic of),TOTAL,-Total-,TOTAL,-Total-,PWM_EX,Mean population exposure to PM2.5,2017,2017,MICRO_M3,Micrograms per cubic metre,0,Units,,,53.45372,,
COL,Colombia,TOTAL,-Total-,TOTAL,-Total-,PWM_EX,Mean population exposure to PM2.5,2017,2017,MICRO_M3,Micrograms per cubic metre,0,Units,,,16.91747,,
COM,Comoros,TOTAL,-Total-,TOTAL,-Total-,PWM_EX,Mean population exposure to PM2.5,2017,2017,MICRO_M3,Micrograms per cubic metre,0,Units,,,20.29387,,
COG,Congo,TOTAL,-Total-,TOTAL,-Total-,PWM_EX,Mean population exposure to PM2.5,2017,2017,MICRO_M3,Micrograms per cubic metre,0,Units,,,47.43886,,
CRI,Costa Rica,TOTAL,-Total-,TOTAL,-Total-,PWM_EX,Mean population exposure to PM2.5,2017,2017,MICRO_M3,Micrograms per cubic metre,0,Units,,,15.85286,,
CIV,Côte d'Ivoire,TOTAL,-Total-,TOTAL,-Total-,PWM_EX,Mean population exposure to PM2.5,2017,2017,MICRO_M3,Micrograms per cubic metre,0,Units,,,26.46771,,
HRV,Croatia,TOTAL,-Total-,TOTAL,-Total-,PWM_EX,Mean population exposure to PM2.5,2017,2017,MICRO_M3,Micrograms per cubic metre,0,Units,,,17.72149,,
CUB,Cuba,TOTAL,-Total-,TOTAL,-Total-,PWM_EX,Mean population exposure to PM2.5,2017,2017,MICRO_M3,Micrograms per cubic metre,0,Units,,,19.63593,,
PRK,Democratic People's Republic of Korea,TOTAL,-Total-,TOTAL,-Total-,PWM_EX,Mean population exposure to PM2.5,2017,2017,MICRO_M3,Micrograms per cubic metre,0,Units,,,32.42833,,
COD,Democratic Republic of the Congo,TOTAL,-Total-,TOTAL,-Total-,PWM_EX,Mean population exposure to PM2.5,2017,2017,MICRO_M3,Micrograms per cubic metre,0,Units,,,44.31301,,
DJI,Djibouti,TOTAL,-Total-,TOTAL,-Total-,PWM_EX,Mean population exposure to PM2.5,2017,2017,MICRO_M3,Micrograms per cubic metre,0,Units,,,47.09866,,
DMA,Dominica,TOTAL,-Total-,TOTAL,-Total-,PWM_EX,Mean population exposure to PM2.5,2017,2017,MICRO_M3,Micrograms per cubic metre,0,Units,,,19.23952,,
DOM,Dominican Republic,TOTAL,-Total-,TOTAL,-Total-,PWM_EX,Mean population exposure to PM2.5,2017,2017,MICRO_M3,Micrograms per cubic metre,0,Units,,,14.02285,,
ECU,Ecuador,TOTAL,-Total-,TOTAL,-Total-,PWM_EX,Mean population exposure to PM2.5,2017,2017,MICRO_M3,Micrograms per cubic metre,0,Units,,,15.85361,,
EGY,Egypt,TOTAL,-Total-,TOTAL,-Total-,PWM_EX,Mean population exposure to PM2.5,2017,2017,MICRO_M3,Micrograms per cubic metre,0,Units,,,86.60764,,
SLV,El Salvador,TOTAL,-Total-,TOTAL,-Total-,PWM_EX,Mean population exposure to PM2.5,2017,2017,MICRO_M3,Micrograms per cubic metre,0,Units,,,24.90166,,
GNQ,Equatorial Guinea,TOTAL,-Total-,TOTAL,-Total-,PWM_EX,Mean population exposure to PM2.5,2017,2017,MICRO_M3,Micrograms per cubic metre,0,Units,,,55.62151,,
ERI,Eritrea,TOTAL,-Total-,TOTAL,-Total-,PWM_EX,Mean population exposure to PM2.5,2017,2017,MICRO_M3,Micrograms per cubic metre,0,Units,,,48.91276,,
EST,Estonia,TOTAL,-Total-,TOTAL,-Total-,PWM_EX,Mean population exposure to PM2.5,2017,2017,MICRO_M3,Micrograms per cubic metre,0,Units,,,6.84199,,
ETH,Ethiopia,TOTAL,-Total-,TOTAL,-Total-,PWM_EX,Mean population exposure to PM2.5,2017,2017,MICRO_M3,Micrograms per cubic metre,0,Units,,,38.78116,,
FJI,Fiji,TOTAL,-Total-,TOTAL,-Total-,PWM_EX,Mean population exposure to PM2.5,2017,2017,MICRO_M3,Micrograms per cubic metre,0,Units,,,10.70372,,
GAB,Gabon,TOTAL,-Total-,TOTAL,-Total-,PWM_EX,Mean population exposure to PM2.5,2017,2017,MICRO_M3,Micrograms per cubic metre,0,Units,,,45.75431,,
GMB,Gambia,TOTAL,-Total-,TOTAL,-Total-,PWM_EX,Mean population exposure to PM2.5,2017,2017,MICRO_M3,Micrograms per cubic metre,0,Units,,,34.20643,,
GEO,Georgia,TOTAL,-Total-,TOTAL,-Total-,PWM_EX,Mean population exposure to PM2.5,2017,2017,MICRO_M3,Micrograms per cubic metre,0,Units,,,22.15483,,
GHA,Ghana,TOTAL,-Total-,TOTAL,-Total-,PWM_EX,Mean population exposure to PM2.5,2017,2017,MICRO_M3,Micrograms per cubic metre,0,Units,,,35.07234,,
GRD,Grenada,TOTAL,-Total-,TOTAL,-Total-,PWM_EX,Mean population exposure to PM2.5,2017,2017,MICRO_M3,Micrograms per cubic metre,0,Units,,,23.06073,,
GTM,Guatemala,TOTAL,-Total-,TOTAL,-Total-,PWM_EX,Mean population exposure to PM2.5,2017,2017,MICRO_M3,Micrograms per cubic metre,0,Units,,,23.97105,,
GIN,Guinea,TOTAL,-Total-,TOTAL,-Total-,PWM_EX,Mean population exposure to PM2.5,2017,2017,MICRO_M3,Micrograms per cubic metre,0,Units,,,24.81071,,
GNB,Guinea-Bissau,TOTAL,-Total-,TOTAL,-Total-,PWM_EX,Mean population exposure to PM2.5,2017,2017,MICRO_M3,Micrograms per cubic metre,0,Units,,,29.96029,,
GUY,Guyana,TOTAL,-Total-,TOTAL,-Total-,PWM_EX,Mean population exposure to PM2.5,2017,2017,MICRO_M3,Micrograms per cubic metre,0,Units,,,22.82275,,
HTI,Haiti,TOTAL,-Total-,TOTAL,-Total-,PWM_EX,Mean population exposure to PM2.5,2017,2017,MICRO_M3,Micrograms per cubic metre,0,Units,,,15.84877,,
HND,Honduras,TOTAL,-Total-,TOTAL,-Total-,PWM_EX,Mean population exposure to PM2.5,2017,2017,MICRO_M3,Micrograms per cubic metre,0,Units,,,21.08948,,
IND,India,TOTAL,-Total-,TOTAL,-Total-,PWM_EX,Mean population exposure to PM2.5,2017,2017,MICRO_M3,Micrograms per cubic metre,0,Units,,,90.2457,,
IDN,Indonesia,TOTAL,-Total-,TOTAL,-Total-,PWM_EX,Mean population exposure to PM2.5,2017,2017,MICRO_M3,Micrograms per cubic metre,0,Units,,,16.70816,,
IRQ,Iraq,TOTAL,-Total-,TOTAL,-Total-,PWM_EX,Mean population exposure to PM2.5,2017,2017,MICRO_M3,Micrograms per cubic metre,0,Units,,,62.50039,,
ISR,Israel,TOTAL,-Total-,TOTAL,-Total-,PWM_EX,Mean population exposure to PM2.5,2017,2017,MICRO_M3,Micrograms per cubic metre,0,Units,,,20.8113,,
JAM,Jamaica,TOTAL,-Total-,TOTAL,-Total-,PWM_EX,Mean population exposure to PM2.5,2017,2017,MICRO_M3,Micrograms per cubic metre,0,Units,,,14.14669,,
JOR,Jordan,TOTAL,-Total-,TOTAL,-Total-,PWM_EX,Mean population exposure to PM2.5,2017,2017,MICRO_M3,Micrograms per cubic metre,0,Units,,,32.75142,,
KAZ,Kazakhstan,TOTAL,-Total-,TOTAL,-Total-,PWM_EX,Mean population exposure to PM2.5,2017,2017,MICRO_M3,Micrograms per cubic metre,0,Units,,,13.96957,,
KEN,Kenya,TOTAL,-Total-,TOTAL,-Total-,PWM_EX,Mean population exposure to PM2.5,2017,2017,MICRO_M3,Micrograms per cubic metre,0,Units,,,28.26605,,
KWT,Kuwait,TOTAL,-Total-,TOTAL,-Total-,PWM_EX,Mean population exposure to PM2.5,2017,2017,MICRO_M3,Micrograms per cubic metre,0,Units,,,60.44517,,
KGZ,Kyrgyzstan,TOTAL,-Total-,TOTAL,-Total-,PWM_EX,Mean population exposure to PM2.5,2017,2017,MICRO_M3,Micrograms per cubic metre,0,Units,,,22.93337,,
LAO,Lao People's Democratic Republic,TOTAL,-Total-,TOTAL,-Total-,PWM_EX,Mean population exposure to PM2.5,2017,2017,MICRO_M3,Micrograms per cubic metre,0,Units,,,25.69418,,
LVA,Latvia,TOTAL,-Total-,TOTAL,-Total-,PWM_EX,Mean population exposure to PM2.5,2017,2017,MICRO_M3,Micrograms per cubic metre,0,Units,,,14.10963,,
LBN,Lebanon,TOTAL,-Total-,TOTAL,-Total-,PWM_EX,Mean population exposure to PM2.5,2017,2017,MICRO_M3,Micrograms per cubic metre,0,Units,,,31.1494,,
LSO,Lesotho,TOTAL,-Total-,TOTAL,-Total-,PWM_EX,Mean population exposure to PM2.5,2017,2017,MICRO_M3,Micrograms per cubic metre,0,Units,,,28.14714,,
LBR,Liberia,TOTAL,-Total-,TOTAL,-Total-,PWM_EX,Mean population exposure to PM2.5,2017,2017,MICRO_M3,Micrograms per cubic metre,0,Units,,,17.66819,,
LBY,Libya,TOTAL,-Total-,TOTAL,-Total-,PWM_EX,Mean population exposure to PM2.5,2017,2017,MICRO_M3,Micrograms per cubic metre,0,Units,,,53.27054,,
LIE,Liechtenstein,TOTAL,-Total-,TOTAL,-Total-,PWM_EX,Mean population exposure to PM2.5,2017,2017,MICRO_M3,Micrograms per cubic metre,0,Units,,,15.30111,,
LTU,Lithuania,TOTAL,-Total-,TOTAL,-Total-,PWM_EX,Mean population exposure to PM2.5,2017,2017,MICRO_M3,Micrograms per cubic metre,0,Units,,,11.90224,,
MKD,North Macedonia,TOTAL,-Total-,TOTAL,-Total-,PWM_EX,Mean population exposure to PM2.5,2017,2017,MICRO_M3,Micrograms per cubic metre,0,Units,,,32.98315,,
MDG,Madagascar,TOTAL,-Total-,TOTAL,-Total-,PWM_EX,Mean population exposure to PM2.5,2017,2017,MICRO_M3,Micrograms per cubic metre,0,Units,,,22.39592,,
MWI,Malawi,TOTAL,-Total-,TOTAL,-Total-,PWM_EX,Mean population exposure to PM2.5,2017,2017,MICRO_M3,Micrograms per cubic metre,0,Units,,,23.50127,,
MYS,Malaysia,TOTAL,-Total-,TOTAL,-Total-,PWM_EX,Mean population exposure to PM2.5,2017,2017,MICRO_M3,Micrograms per cubic metre,0,Units,,,16.03565,,
MLI,Mali,TOTAL,-Total-,TOTAL,-Total-,PWM_EX,Mean population exposure to PM2.5,2017,2017,MICRO_M3,Micrograms per cubic metre,0,Units,,,39.4566,,
MLT,Malta,TOTAL,-Total-,TOTAL,-Total-,PWM_EX,Mean population exposure to PM2.5,2017,2017,MICRO_M3,Micrograms per cubic metre,0,Units,,,13.81512,,
MRT,Mauritania,TOTAL,-Total-,TOTAL,-Total-,PWM_EX,Mean population exposure to PM2.5,2017,2017,MICRO_M3,Micrograms per cubic metre,0,Units,,,47.0745,,
MUS,Mauritius,TOTAL,-Total-,TOTAL,-Total-,PWM_EX,Mean population exposure to PM2.5,2017,2017,MICRO_M3,Micrograms per cubic metre,0,Units,,,14.8634,,
FSM,Micronesia,TOTAL,-Total-,TOTAL,-Total-,PWM_EX,Mean population exposure to PM2.5,2017,2017,MICRO_M3,Micrograms per cubic metre,0,Units,,,11.1414,,
MDA,Moldova,TOTAL,-Total-,TOTAL,-Total-,PWM_EX,Mean population exposure to PM2.5,2017,2017,MICRO_M3,Micrograms per cubic metre,0,Units,,,16.57612,,
MNG,Mongolia,TOTAL,-Total-,TOTAL,-Total-,PWM_EX,Mean population exposure to PM2.5,2017,2017,MICRO_M3,Micrograms per cubic metre,0,Units,,,43.17646,,
MAR,Morocco,TOTAL,-Total-,TOTAL,-Total-,PWM_EX,Mean population exposure to PM2.5,2017,2017,MICRO_M3,Micrograms per cubic metre,0,Units,,,32.68699,,
MOZ,Mozambique,TOTAL,-Total-,TOTAL,-Total-,PWM_EX,Mean population exposure to PM2.5,2017,2017,MICRO_M3,Micrograms per cubic metre,0,Units,,,21.30045,,
MMR,Myanmar,TOTAL,-Total-,TOTAL,-Total-,PWM_EX,Mean population exposure to PM2.5,2017,2017,MICRO_M3,Micrograms per cubic metre,0,Units,,,36.39681,,
NAM,Namibia,TOTAL,-Total-,TOTAL,-Total-,PWM_EX,Mean population exposure to PM2.5,2017,2017,MICRO_M3,Micrograms per cubic metre,0,Units,,,25.48976,,
NPL,Nepal,TOTAL,-Total-,TOTAL,-Total-,PWM_EX,Mean population exposure to PM2.5,2017,2017,MICRO_M3,Micrograms per cubic metre,0,Units,,,99.88675,,
NIC,Nicaragua,TOTAL,-Total-,TOTAL,-Total-,PWM_EX,Mean population exposure to PM2.5,2017,2017,MICRO_M3,Micrograms per cubic metre,0,Units,,,17.93724,,
NER,Niger,TOTAL,-Total-,TOTAL,-Total-,PWM_EX,Mean population exposure to PM2.5,2017,2017,MICRO_M3,Micrograms per cubic metre,0,Units,,,94.11647,,
NGA,Nigeria,TOTAL,-Total-,TOTAL,-Total-,PWM_EX,Mean population exposure to PM2.5,2017,2017,MICRO_M3,Micrograms per cubic metre,0,Units,,,70.1165,,
OMN,Oman,TOTAL,-Total-,TOTAL,-Total-,PWM_EX,Mean population exposure to PM2.5,2017,2017,MICRO_M3,Micrograms per cubic metre,0,Units,,,41.69611,,
PAK,Pakistan,TOTAL,-Total-,TOTAL,-Total-,PWM_EX,Mean population exposure to PM2.5,2017,2017,MICRO_M3,Micrograms per cubic metre,0,Units,,,60.31662,,
PAN,Panama,TOTAL,-Total-,TOTAL,-Total-,PWM_EX,Mean population exposure to PM2.5,2017,2017,MICRO_M3,Micrograms per cubic metre,0,Units,,,11.45814,,
PNG,Papua New Guinea,TOTAL,-Total-,TOTAL,-Total-,PWM_EX,Mean population exposure to PM2.5,2017,2017,MICRO_M3,Micrograms per cubic metre,0,Units,,,12.41087,,
PRY,Paraguay,TOTAL,-Total-,TOTAL,-Total-,PWM_EX,Mean population exposure to PM2.5,2017,2017,MICRO_M3,Micrograms per cubic metre,0,Units,,,12.04507,,
PER,Peru,TOTAL,-Total-,TOTAL,-Total-,PWM_EX,Mean population exposure to PM2.5,2017,2017,MICRO_M3,Micrograms per cubic metre,0,Units,,,26.03583,,
PHL,Philippines,TOTAL,-Total-,TOTAL,-Total-,PWM_EX,Mean population exposure to PM2.5,2017,2017,MICRO_M3,Micrograms per cubic metre,0,Units,,,18.17468,,
QAT,Qatar,TOTAL,-Total-,TOTAL,-Total-,PWM_EX,Mean population exposure to PM2.5,2017,2017,MICRO_M3,Micrograms per cubic metre,0,Units,,,89.72286,,
ROU,Romania,TOTAL,-Total-,TOTAL,-Total-,PWM_EX,Mean population exposure to PM2.5,2017,2017,MICRO_M3,Micrograms per cubic metre,0,Units,,,14.6146,,
RUS,Russia,TOTAL,-Total-,TOTAL,-Total-,PWM_EX,Mean population exposure to PM2.5,2017,2017,MICRO_M3,Micrograms per cubic metre,0,Units,,,16.17072,,
RWA,Rwanda,TOTAL,-Total-,TOTAL,-Total-,PWM_EX,Mean population exposure to PM2.5,2017,2017,MICRO_M3,Micrograms per cubic metre,0,Units,,,43.27236,,
LCA,Saint Lucia,TOTAL,-Total-,TOTAL,-Total-,PWM_EX,Mean population exposure to PM2.5,2017,2017,MICRO_M3,Micrograms per cubic metre,0,Units,,,22.30962,,
VCT,Saint Vincent and the Grenadines,TOTAL,-Total-,TOTAL,-Total-,PWM_EX,Mean population exposure to PM2.5,2017,2017,MICRO_M3,Micrograms per cubic metre,0,Units,,,22.75627,,
WSM,Samoa,TOTAL,-Total-,TOTAL,-Total-,PWM_EX,Mean population exposure to PM2.5,2017,2017,MICRO_M3,Micrograms per cubic metre,0,Units,,,11.7098,,
SMR,San Marino,TOTAL,-Total-,TOTAL,-Total-,PWM_EX,Mean population exposure to PM2.5,2017,2017,MICRO_M3,Micrograms per cubic metre,0,Units,,,14.3671,,
STP,Sao Tome and Principe,TOTAL,-Total-,TOTAL,-Total-,PWM_EX,Mean population exposure to PM2.5,2017,2017,MICRO_M3,Micrograms per cubic metre,0,Units,,,28.38286,,
SAU,Saudi Arabia,TOTAL,-Total-,TOTAL,-Total-,PWM_EX,Mean population exposure to PM2.5,2017,2017,MICRO_M3,Micrograms per cubic metre,0,Units,,,92.36789,,
SEN,Senegal,TOTAL,-Total-,TOTAL,-Total-,PWM_EX,Mean population exposure to PM2.5,2017,2017,MICRO_M3,Micrograms per cubic metre,0,Units,,,40.68125,,
SYC,Seychelles,TOTAL,-Total-,TOTAL,-Total-,PWM_EX,Mean population exposure to PM2.5,2017,2017,MICRO_M3,Micrograms per cubic metre,0,Units,,,20.41034,,
SLE,Sierra Leone,TOTAL,-Total-,TOTAL,-Total-,PWM_EX,Mean population exposure to PM2.5,2017,2017,MICRO_M3,Micrograms per cubic metre,0,Units,,,21.44909,,
SGP,Singapore,TOTAL,-Total-,TOTAL,-Total-,PWM_EX,Mean population exposure to PM2.5,2017,2017,MICRO_M3,Micrograms per cubic metre,0,Units,,,19.72147,,
SVN,Slovenia,TOTAL,-Total-,TOTAL,-Total-,PWM_EX,Mean population exposure to PM2.5,2017,2017,MICRO_M3,Micrograms per cubic metre,0,Units,,,16.25411,,
SLB,Solomon Islands,TOTAL,-Total-,TOTAL,-Total-,PWM_EX,Mean population exposure to PM2.5,2017,2017,MICRO_M3,Micrograms per cubic metre,0,Units,,,11.565,,
SOM,Somalia,TOTAL,-Total-,TOTAL,-Total-,PWM_EX,Mean population exposure to PM2.5,2017,2017,MICRO_M3,Micrograms per cubic metre,0,Units,,,32.31047,,
ZAF,South Africa,TOTAL,-Total-,TOTAL,-Total-,PWM_EX,Mean population exposure to PM2.5,2017,2017,MICRO_M3,Micrograms per cubic metre,0,Units,,,24.95864,,
LKA,Sri Lanka,TOTAL,-Total-,TOTAL,-Total-,PWM_EX,Mean population exposure to PM2.5,2017,2017,MICRO_M3,Micrograms per cubic metre,0,Units,,,11.34552,,
SDN,Sudan,TOTAL,-Total-,TOTAL,-Total-,PWM_EX,Mean population exposure to PM2.5,2017,2017,MICRO_M3,Micrograms per cubic metre,0,Units,,,56.99521,,
SUR,Suriname,TOTAL,-Total-,TOTAL,-Total-,PWM_EX,Mean population exposure to PM2.5,2017,2017,MICRO_M3,Micrograms per cubic metre,0,Units,,,25.75323,,
SWZ,Eswatini,TOTAL,-Total-,TOTAL,-Total-,PWM_EX,Mean population exposure to PM2.5,2017,2017,MICRO_M3,Micrograms per cubic metre,0,Units,,,17.19315,,
SYR,Syrian Arab Republic,TOTAL,-Total-,TOTAL,-Total-,PWM_EX,Mean population exposure to PM2.5,2017,2017,MICRO_M3,Micrograms per cubic metre,0,Units,,,44.24641,,
TJK,Tajikistan,TOTAL,-Total-,TOTAL,-Total-,PWM_EX,Mean population exposure to PM2.5,2017,2017,MICRO_M3,Micrograms per cubic metre,0,Units,,,46.97231,,
TZA,Tanzania,TOTAL,-Total-,TOTAL,-Total-,PWM_EX,Mean population exposure to PM2.5,2017,2017,MICRO_M3,Micrograms per cubic metre,0,Units,,,28.336,,
THA,Thailand,TOTAL,-Total-,TOTAL,-Total-,PWM_EX,Mean population exposure to PM2.5,2017,2017,MICRO_M3,Micrograms per cubic metre,0,Units,,,26.33683,,
TLS,Timor-Leste,TOTAL,-Total-,TOTAL,-Total-,PWM_EX,Mean population exposure to PM2.5,2017,2017,MICRO_M3,Micrograms per cubic metre,0,Units,,,20.32858,,
TGO,Togo,TOTAL,-Total-,TOTAL,-Total-,PWM_EX,Mean population exposure to PM2.5,2017,2017,MICRO_M3,Micrograms per cubic metre,0,Units,,,37.13062,,
TON,Tonga,TOTAL,-Total-,TOTAL,-Total-,PWM_EX,Mean population exposure to PM2.5,2017,2017,MICRO_M3,Micrograms per cubic metre,0,Units,,,10.5421,,
TTO,Trinidad and Tobago,TOTAL,-Total-,TOTAL,-Total-,PWM_EX,Mean population exposure to PM2.5,2017,2017,MICRO_M3,Micrograms per cubic metre,0,Units,,,24.1692,,
TUN,Tunisia,TOTAL,-Total-,TOTAL,-Total-,PWM_EX,Mean population exposure to PM2.5,2017,2017,MICRO_M3,Micrograms per cubic metre,0,Units,,,38.15849,,
TKM,Turkmenistan,TOTAL,-Total-,TOTAL,-Total-,PWM_EX,Mean population exposure to PM2.5,2017,2017,MICRO_M3,Micrograms per cubic metre,0,Units,,,22.64587,,
UGA,Uganda,TOTAL,-Total-,TOTAL,-Total-,PWM_EX,Mean population exposure to PM2.5,2017,2017,MICRO_M3,Micrograms per cubic metre,0,Units,,,50.53365,,
UKR,Ukraine,TOTAL,-Total-,TOTAL,-Total-,PWM_EX,Mean population exposure to PM2.5,2017,2017,MICRO_M3,Micrograms per cubic metre,0,Units,,,20.69818,,
ARE,United Arab Emirates,TOTAL,-Total-,TOTAL,-Total-,PWM_EX,Mean population exposure to PM2.5,2017,2017,MICRO_M3,Micrograms per cubic metre,0,Units,,,40.64907,,
URY,Uruguay,TOTAL,-Total-,TOTAL,-Total-,PWM_EX,Mean population exposure to PM2.5,2017,2017,MICRO_M3,Micrograms per cubic metre,0,Units,,,9.07625,,
UZB,Uzbekistan,TOTAL,-Total-,TOTAL,-Total-,PWM_EX,Mean population exposure to PM2.5,2017,2017,MICRO_M3,Micrograms per cubic metre,0,Units,,,31.45703,,
VUT,Vanuatu,TOTAL,-Total-,TOTAL,-Total-,PWM_EX,Mean population exposure to PM2.5,2017,2017,MICRO_M3,Micrograms per cubic metre,0,Units,,,11.49806,,
VEN,Venezuela,TOTAL,-Total-,TOTAL,-Total-,PWM_EX,Mean population exposure to PM2.5,2017,2017,MICRO_M3,Micrograms per cubic metre,0,Units,,,17.39899,,
VNM,Viet Nam,TOTAL,-Total-,TOTAL,-Total-,PWM_EX,Mean population exposure to PM2.5,2017,2017,MICRO_M3,Micrograms per cubic metre,0,Units,,,30.3312,,
YEM,Yemen,TOTAL,-Total-,TOTAL,-Total-,PWM_EX,Mean population exposure to PM2.5,2017,2017,MICRO_M3,Micrograms per cubic metre,0,Units,,,51.63549,,
ZMB,Zambia,TOTAL,-Total-,TOTAL,-Total-,PWM_EX,Mean population exposure to PM2.5,2017,2017,MICRO_M3,Micrograms per cubic metre,0,Units,,,27.74442,,
ZWE,Zimbabwe,TOTAL,-Total-,TOTAL,-Total-,PWM_EX,Mean population exposure to PM2.5,2017,2017,MICRO_M3,Micrograms per cubic metre,0,Units,,,21.82037,,
WLD,World,TOTAL,-Total-,TOTAL,-Total-,PWM_EX,Mean population exposure to PM2.5,2017,2017,MICRO_M3,Micrograms per cubic metre,0,Units,,,44.17191,,
ASEAN,ASEAN,TOTAL,-Total-,TOTAL,-Total-,PWM_EX,Mean population exposure to PM2.5,2017,2017,MICRO_M3,Micrograms per cubic metre,0,Units,,,22.10784,,
SRB,Serbia,TOTAL,-Total-,TOTAL,-Total-,PWM_EX,Mean population exposure to PM2.5,2017,2017,MICRO_M3,Micrograms per cubic metre,0,Units,,,25.05095,,
MNE,Montenegro,TOTAL,-Total-,TOTAL,-Total-,PWM_EX,Mean population exposure to PM2.5,2017,2017,MICRO_M3,Micrograms per cubic metre,0,Units,,,22.29501,,
G20,G20,TOTAL,-Total-,TOTAL,-Total-,PWM_EX,Mean population exposure to PM2.5,2017,2017,MICRO_M3,Micrograms per cubic metre,0,Units,,,45.45777,,
BRIICS,"BRIICS economies - Brazil, Russia, India, Indonesia, China and South Africa",TOTAL,-Total-,TOTAL,-Total-,PWM_EX,Mean population exposure to PM2.5,2017,2017,MICRO_M3,Micrograms per cubic metre,0,Units,,,59.33351,,
EU28,European Union (28 countries),TOTAL,-Total-,TOTAL,-Total-,PWM_EX,Mean population exposure to PM2.5,2017,2017,MICRO_M3,Micrograms per cubic metre,0,Units,,,13.09302,,
OECD,OECD - Total,TOTAL,-Total-,TOTAL,-Total-,PWM_EX,Mean population exposure to PM2.5,2017,2017,MICRO_M3,Micrograms per cubic metre,0,Units,,,12.50047,,
LAC,Latin America and Caribbean,TOTAL,-Total-,TOTAL,-Total-,PWM_EX,Mean population exposure to PM2.5,2017,2017,MICRO_M3,Micrograms per cubic metre,0,Units,,,17.07659,,
MENA,Middle East and North Africa,TOTAL,-Total-,TOTAL,-Total-,PWM_EX,Mean population exposure to PM2.5,2017,2017,MICRO_M3,Micrograms per cubic metre,0,Units,,,55.72103,,
SSD,South Sudan ,TOTAL,-Total-,TOTAL,-Total-,PWM_EX,Mean population exposure to PM2.5,2017,2017,MICRO_M3,Micrograms per cubic metre,0,Units,,,46.83591,,